Location,Year_Built,Bedrooms,Bathrooms,Square_Feet,Street_Type,Price_per_Square_Foot
,1995.0,5.0,4.0,2641.0,,200.0
,1951.0,6.0,2.0,7174.0,,180.0
,1950.0,5.0,1.0,4186.0,,220.0
,1961.0,6.0,4.0,6216.0,,170.0
,2022.0,7.0,4.0,6713.0,,120.0
,1921.0,5.0,4.0,8100.0,,130.0
,2009.0,6.0,4.0,1293.0,,200.0
,1948.0,5.0,2.0,8379.0,,130.0
,1952.0,5.0,2.0,9583.0,,120.0
,1952.0,1.0,2.0,5565.0,,170.0
,1911.0,3.0,4.0,2857.0,,180.0
,1961.0,1.0,4.0,1940.0,,150.0
,1929.0,4.0,4.0,8395.0,,220.0
,1942.0,2.0,5.0,6430.0,,200.0
,1941.0,7.0,1.0,4389.0,,150.0
,1916.0,6.0,2.0,1501.0,,130.0
,1985.0,4.0,2.0,3770.0,,150.0
,1959.0,3.0,1.0,1115.0,,130.0
,1974.0,5.0,3.0,9294.0,,180.0
,1939.0,4.0,1.0,605.0,,200.0
,1955.0,4.0,3.0,760.0,,130.0
,2021.0,4.0,4.0,6239.0,,150.0
,2016.0,1.0,2.0,2896.0,,220.0
,2005.0,5.0,5.0,1336.0,,120.0
,1998.0,6.0,3.0,3724.0,,200.0
,1954.0,4.0,2.0,1578.0,,150.0
,1933.0,1.0,1.0,7165.0,,170.0
,1982.0,3.0,1.0,1424.0,,150.0
,1922.0,4.0,4.0,9367.0,,120.0
,1980.0,6.0,5.0,4465.0,,200.0
,1931.0,6.0,3.0,8189.0,,150.0
,1974.0,3.0,5.0,3570.0,,180.0
,1970.0,4.0,5.0,1318.0,,200.0
,1915.0,5.0,4.0,9339.0,,180.0
,2010.0,1.0,4.0,9464.0,,220.0
,2007.0,3.0,5.0,9931.0,,130.0
,1909.0,6.0,4.0,2591.0,,180.0
,1935.0,4.0,1.0,3773.0,,180.0
,1996.0,7.0,1.0,790.0,,220.0
,1950.0,7.0,2.0,7009.0,,200.0
,2002.0,7.0,5.0,1491.0,,130.0
,1974.0,1.0,5.0,2004.0,,180.0
,1971.0,6.0,3.0,1016.0,,120.0
,1981.0,2.0,4.0,6169.0,,220.0
,1956.0,6.0,1.0,6021.0,,220.0
,1994.0,4.0,3.0,7464.0,,150.0
,1964.0,7.0,5.0,9993.0,,170.0
,1917.0,3.0,2.0,710.0,,220.0
,1911.0,1.0,3.0,2662.0,,130.0
,1939.0,7.0,4.0,1192.0,,200.0
,1905.0,6.0,3.0,7659.0,,120.0
,1974.0,2.0,3.0,6277.0,,120.0
,1963.0,3.0,5.0,7738.0,,180.0
,1919.0,1.0,4.0,8462.0,,130.0
,1967.0,7.0,3.0,6358.0,,150.0
,1982.0,7.0,2.0,8694.0,,180.0
,1910.0,7.0,2.0,1505.0,,170.0
,2008.0,4.0,3.0,5347.0,,150.0
,2002.0,2.0,2.0,1698.0,,200.0
,1959.0,2.0,5.0,4918.0,,170.0
,2016.0,1.0,1.0,2452.0,,180.0
,1969.0,1.0,5.0,3056.0,,180.0
,1904.0,3.0,3.0,8560.0,,180.0
,2015.0,1.0,4.0,5199.27,,200.0
,2005.0,4.0,1.0,1348.0,,170.0
,1928.0,5.0,1.0,662.0,,170.0
,2013.0,5.0,5.0,6032.0,,170.0
,1917.0,3.0,5.0,6846.0,,180.0
,1987.0,2.0,4.0,1156.0,,180.0
,1978.0,6.0,5.0,783.0,,150.0
,1999.0,7.0,4.0,9952.0,,180.0
,1936.0,3.0,1.0,4341.0,,180.0
,1966.0,3.0,2.0,4597.0,,120.0
,2021.0,1.0,3.0,6773.0,,220.0
,1998.0,4.0,2.0,3520.0,,150.0
,1932.0,4.0,5.0,8602.0,,170.0
,1915.0,4.0,4.0,5382.0,,170.0
,1934.0,3.0,5.0,657.0,,130.0
,1923.0,2.0,5.0,9482.0,,220.0
,2003.0,1.0,1.0,6022.0,,120.0
,1983.0,1.0,1.0,5241.0,,180.0
,2020.0,3.0,5.0,9486.0,,150.0
,1957.0,6.0,5.0,6701.0,,180.0
,2009.0,4.0,5.0,3626.0,,170.0
,1933.0,2.0,1.0,7024.0,,200.0
,1966.0,1.0,5.0,1727.0,,150.0
,2024.0,6.0,5.0,869.0,,180.0
,1942.0,1.0,2.0,3554.0,,150.0
,1913.0,1.0,3.0,4190.0,,170.0
,1996.0,3.0,4.0,5754.0,,170.0
,1927.0,6.0,4.0,6256.0,,150.0
,2017.0,4.0,2.0,6555.0,,150.0
,1932.0,1.0,1.0,8967.0,,120.0
,1947.0,2.0,4.0,9429.0,,130.0
,1915.0,4.0,3.0,4348.0,,120.0
,2018.0,2.0,3.0,2677.0,,170.0
,1970.0,7.0,1.0,7514.0,,170.0
,2023.0,5.0,2.0,9044.0,,170.0
,1963.0,3.0,3.0,9581.0,,180.0
,1989.0,5.0,2.0,4477.0,,180.0
,1988.0,6.0,5.0,7435.0,,120.0
,1930.0,6.0,5.0,5199.27,,170.0
,2020.0,2.0,3.0,1309.0,,220.0
,1995.0,7.0,3.0,2770.0,,130.0
,1960.0,4.0,2.0,9265.0,,130.0
,1961.0,7.0,3.0,6605.0,,170.0
,1941.0,1.0,3.0,8552.0,,220.0
,1979.0,5.0,4.0,5199.27,,130.0
,1983.0,6.0,2.0,6985.0,,150.0
,1943.0,1.0,3.0,3042.0,,200.0
,1933.0,5.0,3.0,1692.0,,170.0
,2022.0,4.0,2.0,2344.0,,200.0
,1967.0,3.0,1.0,1002.0,,180.0
,2023.0,1.0,4.0,4270.0,,220.0
,1934.0,7.0,4.0,1594.0,,180.0
,1979.0,6.0,5.0,2377.0,,170.0
,1944.0,7.0,4.0,7585.0,,150.0
,2022.0,3.0,2.0,3084.0,,220.0
,1967.0,3.0,3.0,5393.0,,130.0
,2022.0,3.0,1.0,1176.0,,180.0
,1958.0,7.0,4.0,993.0,,130.0
,1921.0,2.0,1.0,7922.0,,170.0
,1967.0,6.0,2.0,8557.0,,180.0
,1954.0,5.0,5.0,5199.27,,170.0
,1998.0,4.0,4.0,8240.0,,220.0
,1919.0,1.0,1.0,1721.0,,180.0
,1993.0,1.0,3.0,1300.0,,150.0
,1946.0,2.0,1.0,2459.0,,180.0
,2008.0,1.0,2.0,3003.0,,170.0
,2016.0,6.0,2.0,8956.0,,130.0
,1965.0,5.0,1.0,3317.0,,180.0
,1949.0,2.0,4.0,9059.0,,200.0
,1903.0,7.0,2.0,2049.0,,200.0
,2011.0,2.0,3.0,4903.0,,180.0
,1917.0,2.0,5.0,9600.0,,180.0
,1985.0,7.0,1.0,5865.0,,170.0
,1940.0,1.0,1.0,654.0,,170.0
,1953.0,1.0,5.0,5227.0,,150.0
,1975.0,5.0,2.0,9558.0,,130.0
,2019.0,5.0,1.0,6100.0,,130.0
,1905.0,4.0,2.0,8395.0,,170.0
,1976.0,5.0,4.0,5023.0,,130.0
,1919.0,5.0,5.0,9711.0,,220.0
,2005.0,3.0,2.0,3984.0,,170.0
,1981.0,3.0,3.0,1932.0,,220.0
,2008.0,5.0,3.0,8519.0,,180.0
,1900.0,2.0,4.0,1537.0,,130.0
,1992.0,5.0,1.0,2404.0,,180.0
,2011.0,2.0,1.0,8812.0,,130.0
,1979.0,4.0,3.0,2122.0,,180.0
,1915.0,1.0,3.0,7356.0,,180.0
,1974.0,2.0,1.0,8523.0,,170.0
,1996.0,7.0,3.0,5456.0,,200.0
,1944.0,1.0,2.0,3405.0,,120.0
,2012.0,6.0,4.0,6403.0,,180.0
,1930.0,5.0,1.0,9210.0,,180.0
,1947.0,4.0,1.0,7740.0,,120.0
,1905.0,2.0,3.0,7108.0,,130.0
,2004.0,7.0,1.0,8967.0,,170.0
,1991.0,5.0,4.0,2505.0,,130.0
,1988.0,6.0,4.0,5026.0,,180.0
,1911.0,1.0,5.0,3831.0,,220.0
,1990.0,6.0,2.0,7377.0,,130.0
,1957.0,5.0,1.0,3025.0,,130.0
,2011.0,2.0,5.0,8373.0,,130.0
,1930.0,7.0,1.0,6421.0,,180.0
,1961.0,2.0,2.0,9391.0,,130.0
,1943.0,5.0,1.0,8489.0,,220.0
,1982.0,5.0,4.0,6873.0,,150.0
,2016.0,3.0,4.0,6876.0,,150.0
,1981.0,5.0,5.0,4575.0,,120.0
,1930.0,7.0,1.0,1823.0,,220.0
,1945.0,2.0,5.0,3408.0,,180.0
,2010.0,6.0,4.0,2931.0,,180.0
,1944.0,4.0,5.0,9816.0,,170.0
,1920.0,4.0,4.0,6399.0,,170.0
,1922.0,5.0,1.0,5199.27,,150.0
,1949.0,2.0,2.0,4149.0,,170.0
,2008.0,2.0,1.0,1905.0,,220.0
,1980.0,7.0,2.0,9391.0,,120.0
,1975.0,5.0,2.0,1006.0,,130.0
,1900.0,2.0,2.0,3869.0,,130.0
,1946.0,7.0,1.0,715.0,,180.0
,2008.0,3.0,4.0,4738.0,,120.0
,1939.0,3.0,3.0,3470.0,,180.0
,1921.0,1.0,4.0,1387.0,,200.0
,1921.0,3.0,4.0,3437.0,,170.0
,2019.0,2.0,1.0,508.0,,180.0
,1931.0,7.0,5.0,1644.0,,180.0
,1903.0,3.0,1.0,9985.0,,130.0
,1914.0,7.0,1.0,8873.0,,120.0
,1947.0,6.0,2.0,8305.0,,180.0
,1969.0,4.0,2.0,9632.0,,120.0
,1978.0,1.0,5.0,5506.0,,200.0
,1927.0,3.0,3.0,772.0,,200.0
,1939.0,1.0,2.0,4260.0,,150.0
,1963.0,2.0,4.0,4164.0,,150.0
,1924.0,1.0,5.0,9947.0,,220.0
,2004.0,2.0,2.0,2407.0,,220.0
,1900.0,1.0,3.0,3999.0,,180.0
,1951.0,7.0,4.0,9226.0,,170.0
,2022.0,7.0,4.0,1132.0,,120.0
,1917.0,4.0,5.0,6073.0,,130.0
,1998.0,5.0,5.0,3442.0,,130.0
,2010.0,7.0,4.0,9448.0,,170.0
,1923.0,4.0,1.0,6763.0,,120.0
,1914.0,7.0,4.0,8300.0,,200.0
,2007.0,1.0,4.0,6465.0,,130.0
,2024.0,5.0,3.0,2416.0,,180.0
,1964.0,3.0,1.0,4199.0,,120.0
,1991.0,4.0,2.0,2153.0,,150.0
,1975.0,4.0,3.0,4932.0,,150.0
,2012.0,5.0,1.0,3501.0,,180.0
,1901.0,3.0,1.0,7615.0,,180.0
,1974.0,1.0,4.0,695.0,,220.0
,1932.0,2.0,4.0,8600.0,,180.0
,1937.0,3.0,4.0,3478.0,,130.0
,2019.0,6.0,5.0,7389.0,,180.0
,1973.0,7.0,5.0,4270.0,,200.0
,1975.0,4.0,3.0,5238.0,,120.0
,2024.0,7.0,1.0,6656.0,,120.0
,1986.0,6.0,2.0,5199.27,,130.0
,1991.0,2.0,3.0,5246.0,,200.0
,1978.0,4.0,3.0,6959.0,,200.0
,1930.0,7.0,4.0,3305.0,,180.0
,2014.0,5.0,1.0,2217.0,,220.0
,1990.0,5.0,2.0,3266.0,,180.0
,2008.0,3.0,1.0,1177.0,,180.0
,1905.0,5.0,4.0,8772.0,,120.0
,2019.0,2.0,3.0,9446.0,,150.0
,1952.0,1.0,3.0,7751.0,,120.0
,1941.0,1.0,4.0,9946.0,,120.0
,1991.0,2.0,2.0,4299.0,,180.0
,1908.0,7.0,5.0,1875.0,,120.0
,1906.0,7.0,4.0,7539.0,,180.0
,1956.0,1.0,3.0,8938.0,,130.0
,1944.0,2.0,5.0,7907.0,,150.0
,1956.0,5.0,5.0,7735.0,,200.0
,2024.0,7.0,3.0,8953.0,,120.0
,1919.0,2.0,5.0,5207.0,,180.0
,1983.0,5.0,5.0,4241.0,,170.0
,1912.0,1.0,1.0,1571.0,,180.0
,1959.0,1.0,4.0,8279.0,,150.0
,1961.0,5.0,3.0,5836.0,,180.0
,1998.0,3.0,3.0,9581.0,,180.0
,1989.0,6.0,4.0,3061.0,,220.0
,1957.0,3.0,5.0,1294.0,,130.0
,1960.0,5.0,1.0,9861.0,,170.0
,1950.0,6.0,3.0,9015.0,,220.0
,2020.0,4.0,4.0,8807.0,,180.0
,1925.0,7.0,4.0,1466.0,,130.0
,2011.0,7.0,3.0,8825.0,,220.0
,1983.0,6.0,3.0,7629.0,,180.0
,1968.0,6.0,2.0,822.0,,180.0
,1946.0,1.0,4.0,3535.0,,200.0
,1999.0,4.0,3.0,7386.0,,180.0
,1902.0,2.0,2.0,3981.0,,120.0
,2018.0,7.0,5.0,5334.0,,200.0
,1969.0,6.0,4.0,4208.0,,170.0
,2013.0,2.0,2.0,4139.0,,150.0
,1970.0,6.0,2.0,1053.0,,180.0
,1999.0,4.0,2.0,3929.0,,120.0
,1929.0,6.0,5.0,5903.0,,200.0
,1919.0,3.0,3.0,8651.0,,150.0
,1988.0,5.0,3.0,2374.0,,180.0
,1936.0,2.0,2.0,1644.0,,180.0
,1931.0,4.0,2.0,9571.0,,220.0
,1956.0,1.0,5.0,2801.0,,150.0
,1996.0,2.0,4.0,4617.0,,150.0
,1971.0,7.0,2.0,1626.0,,150.0
,1942.0,3.0,3.0,8577.0,,170.0
,1951.0,1.0,4.0,3833.0,,170.0
,1953.0,1.0,4.0,1482.0,,170.0
,1993.0,2.0,1.0,3244.0,,180.0
,1980.0,4.0,2.0,1989.0,,150.0
,1972.0,3.0,1.0,1600.0,,150.0
,1931.0,2.0,5.0,781.0,,130.0
,2005.0,7.0,2.0,5199.27,,220.0
,1976.0,1.0,3.0,4481.0,,170.0
,1966.0,4.0,2.0,7387.0,,130.0
,1936.0,1.0,5.0,3637.0,,180.0
,2010.0,6.0,5.0,8649.0,,170.0
,2007.0,2.0,3.0,7774.0,,150.0
,2015.0,7.0,2.0,7183.0,,150.0
,2018.0,5.0,1.0,7014.0,,170.0
,1941.0,3.0,4.0,9150.0,,200.0
,2017.0,4.0,3.0,4784.0,,120.0
,1973.0,2.0,3.0,745.0,,220.0
,1952.0,4.0,3.0,2439.0,,170.0
,1956.0,3.0,3.0,9803.0,,150.0
,1957.0,2.0,3.0,5537.0,,130.0
,2010.0,5.0,5.0,4014.0,,180.0
,2007.0,6.0,5.0,3592.0,,130.0
,2009.0,1.0,5.0,4143.0,,150.0
,1963.0,4.0,3.0,3512.0,,200.0
,1964.0,6.0,2.0,9615.0,,150.0
,1971.0,1.0,3.0,8749.0,,120.0
,2010.0,2.0,4.0,6272.0,,170.0
,1948.0,4.0,5.0,1550.0,,130.0
,1987.0,2.0,4.0,9515.0,,220.0
,1971.0,3.0,1.0,9304.0,,130.0
,1939.0,2.0,5.0,5199.27,,220.0
,1917.0,2.0,1.0,8031.0,,120.0
,1934.0,6.0,1.0,1063.0,,170.0
,1983.0,7.0,5.0,8058.0,,180.0
,1974.0,1.0,1.0,3553.0,,200.0
,2007.0,4.0,5.0,4867.0,,200.0
,1997.0,5.0,1.0,8877.0,,180.0
,1983.0,5.0,5.0,7015.0,,130.0
,1969.0,7.0,4.0,9500.0,,180.0
,1992.0,7.0,3.0,5199.27,,120.0
,1936.0,4.0,2.0,2445.0,,150.0
,2012.0,7.0,1.0,8865.0,,170.0
,1996.0,5.0,4.0,9289.0,,170.0
,1901.0,2.0,2.0,5866.0,,120.0
,1929.0,7.0,3.0,9758.0,,220.0
,1943.0,3.0,5.0,9100.0,,180.0
,1975.0,7.0,2.0,1372.0,,170.0
,1987.0,4.0,1.0,7113.0,,200.0
,1930.0,6.0,1.0,9134.0,,120.0
,1994.0,7.0,5.0,4272.0,,220.0
,2012.0,2.0,4.0,3613.0,,150.0
,1939.0,5.0,1.0,6393.0,,130.0
,2005.0,4.0,3.0,1979.0,,120.0
,1932.0,1.0,2.0,6618.0,,150.0
,2011.0,7.0,5.0,5199.27,,130.0
,1977.0,4.0,4.0,4753.0,,150.0
,1993.0,5.0,3.0,4753.0,,150.0
,1913.0,4.0,4.0,6467.0,,170.0
,1999.0,6.0,4.0,3632.0,,120.0
,1990.0,1.0,2.0,8066.0,,120.0
,1920.0,4.0,1.0,3965.0,,180.0
,1914.0,4.0,4.0,7471.0,,180.0
,1964.0,6.0,1.0,2785.0,,130.0
,1968.0,2.0,2.0,5199.27,,220.0
,1933.0,1.0,2.0,6564.0,,130.0
,2020.0,5.0,3.0,4271.0,,150.0
,1996.0,7.0,1.0,3116.0,,170.0
,1999.0,3.0,2.0,3688.0,,200.0
,1945.0,1.0,2.0,7250.0,,120.0
,1960.0,7.0,4.0,6955.0,,170.0
,1915.0,4.0,3.0,5199.27,,220.0
,1900.0,1.0,5.0,548.0,,150.0
,1950.0,6.0,5.0,7807.0,,170.0
,1967.0,4.0,5.0,1751.0,,130.0
,1953.0,4.0,2.0,5199.27,,130.0
,1996.0,4.0,4.0,6689.0,,170.0
,1999.0,4.0,4.0,2214.0,,180.0
,2012.0,7.0,2.0,4693.0,,170.0
,1938.0,6.0,1.0,1242.0,,220.0
,1985.0,1.0,2.0,1600.0,,180.0
,1940.0,7.0,3.0,5600.0,,180.0
,1912.0,5.0,2.0,2647.0,,170.0
,1972.0,7.0,1.0,3977.0,,220.0
,1927.0,4.0,4.0,3350.0,,200.0
,1972.0,2.0,2.0,5750.0,,200.0
,1998.0,7.0,1.0,6292.0,,150.0
,1944.0,4.0,2.0,5046.0,,120.0
,1988.0,3.0,2.0,1855.0,,200.0
,1930.0,5.0,1.0,8515.0,,220.0
,1926.0,3.0,4.0,5172.0,,130.0
,1987.0,2.0,4.0,6777.0,,180.0
,1966.0,7.0,5.0,7849.0,,170.0
,2009.0,7.0,1.0,4276.0,,150.0
,1953.0,7.0,4.0,3945.0,,120.0
,1901.0,3.0,4.0,7720.0,,120.0
,1941.0,5.0,1.0,4810.0,,220.0
,1901.0,4.0,4.0,2162.0,,150.0
,1989.0,4.0,4.0,3892.0,,120.0
,1998.0,7.0,5.0,5199.27,,170.0
,2024.0,6.0,4.0,5543.0,,120.0
,1904.0,2.0,5.0,9067.0,,150.0
,1905.0,4.0,4.0,5199.27,,200.0
,1945.0,7.0,3.0,7598.0,,220.0
,1923.0,1.0,2.0,8309.0,,150.0
,1927.0,2.0,3.0,5199.27,,120.0
,1922.0,5.0,2.0,3038.0,,180.0
,1977.0,5.0,5.0,4505.0,,150.0
,1944.0,2.0,5.0,4632.0,,150.0
,1938.0,5.0,5.0,1880.0,,180.0
,1928.0,3.0,4.0,5199.27,,150.0
,1998.0,2.0,3.0,1375.0,,200.0
,1953.0,1.0,1.0,1139.0,,180.0
,1944.0,1.0,4.0,9914.0,,120.0
,2013.0,3.0,3.0,1609.0,,220.0
,2014.0,6.0,1.0,2320.0,,130.0
,2005.0,2.0,5.0,7680.0,,220.0
,1995.0,5.0,1.0,6453.0,,150.0
,1975.0,3.0,5.0,5199.27,,180.0
,1904.0,3.0,5.0,3024.0,,180.0
,1931.0,2.0,5.0,795.0,,130.0
,1986.0,2.0,2.0,7223.0,,180.0
,1933.0,2.0,3.0,4870.0,,180.0
,2008.0,6.0,4.0,3460.0,,130.0
,1914.0,3.0,2.0,3338.0,,120.0
,1905.0,3.0,3.0,6226.0,,150.0
,1945.0,2.0,1.0,5730.0,,200.0
,1936.0,6.0,4.0,7618.0,,120.0
,1993.0,2.0,5.0,6044.0,,180.0
,1962.0,1.0,2.0,9521.0,,170.0
,2004.0,6.0,1.0,2107.0,,220.0
,2000.0,1.0,5.0,9454.0,,120.0
,1994.0,1.0,1.0,5199.27,,180.0
,2011.0,7.0,5.0,5679.0,,180.0
,1916.0,1.0,1.0,744.0,,170.0
,1999.0,3.0,1.0,9546.0,,120.0
,2011.0,4.0,4.0,1559.0,,220.0
,1979.0,3.0,2.0,4175.0,,130.0
,1929.0,6.0,3.0,1784.0,,180.0
,2001.0,3.0,1.0,7329.0,,130.0
,2019.0,1.0,4.0,4109.0,,170.0
,1903.0,3.0,3.0,838.0,,170.0
,1946.0,4.0,5.0,8815.0,,170.0
,1932.0,1.0,2.0,532.0,,120.0
,2016.0,3.0,2.0,5276.0,,180.0
,1993.0,5.0,4.0,2899.0,,170.0
,1977.0,3.0,3.0,6611.0,,120.0
,2005.0,5.0,3.0,2505.0,,220.0
,2021.0,4.0,2.0,9359.0,,220.0
,1919.0,3.0,1.0,3675.0,,180.0
,1955.0,1.0,4.0,9997.0,,130.0
,1981.0,5.0,4.0,7106.0,,180.0
,1989.0,1.0,3.0,9508.0,,200.0
,1929.0,4.0,4.0,880.0,,130.0
,1990.0,7.0,3.0,7508.0,,220.0
,1982.0,5.0,1.0,7195.0,,200.0
,2018.0,5.0,1.0,2606.0,,120.0
,1931.0,3.0,1.0,1739.0,,200.0
,1968.0,6.0,5.0,1655.0,,130.0
,1928.0,4.0,4.0,1530.0,,180.0
,2007.0,2.0,5.0,8427.0,,180.0
,1971.0,4.0,1.0,6124.0,,150.0
,1913.0,4.0,3.0,3241.0,,200.0
,1978.0,6.0,5.0,1494.0,,150.0
,1954.0,1.0,3.0,5199.27,,120.0
,2016.0,3.0,2.0,6598.0,,170.0
,1972.0,2.0,4.0,6686.0,,150.0
,2002.0,4.0,3.0,1594.0,,120.0
,1926.0,5.0,1.0,7788.0,,130.0
,1974.0,6.0,4.0,4564.0,,180.0
,1933.0,3.0,4.0,8872.0,,130.0
,1943.0,2.0,1.0,7035.0,,180.0
,1903.0,3.0,5.0,6129.0,,120.0
,1942.0,6.0,1.0,1454.0,,220.0
,2006.0,5.0,3.0,1659.0,,120.0
,2010.0,5.0,1.0,3733.0,,200.0
,1930.0,4.0,3.0,2630.0,,130.0
,2024.0,2.0,5.0,9772.0,,120.0
,1963.0,6.0,4.0,5673.0,,130.0
,1925.0,5.0,1.0,2560.0,,170.0
,2009.0,3.0,5.0,4217.0,,150.0
,2011.0,3.0,3.0,5917.0,,150.0
,1901.0,2.0,3.0,9003.0,,200.0
,1969.0,5.0,1.0,5199.27,,120.0
,1939.0,4.0,5.0,5691.0,,130.0
,1957.0,6.0,5.0,6045.0,,130.0
,1958.0,5.0,2.0,2491.0,,120.0
,2024.0,3.0,5.0,9622.0,,120.0
,1973.0,4.0,4.0,8288.0,,180.0
,1960.0,1.0,2.0,6576.0,,200.0
,1903.0,4.0,2.0,7513.0,,220.0
,1978.0,3.0,1.0,3755.0,,220.0
,2018.0,3.0,4.0,2430.0,,200.0
,2012.0,4.0,3.0,6701.0,,220.0
,1950.0,5.0,4.0,9609.0,,120.0
,1951.0,6.0,2.0,2521.0,,170.0
,1995.0,2.0,5.0,6512.0,,180.0
,1956.0,6.0,3.0,3296.0,,180.0
,1980.0,6.0,2.0,9438.0,,120.0
,1921.0,4.0,2.0,7906.0,,180.0
,2012.0,7.0,5.0,8481.0,,180.0
,1942.0,5.0,1.0,6295.0,,180.0
,1971.0,4.0,5.0,7205.0,,180.0
,1994.0,3.0,1.0,4752.0,,170.0
,1929.0,6.0,5.0,1664.0,,180.0
,1908.0,1.0,3.0,9159.0,,130.0
,1960.0,5.0,4.0,1062.0,,220.0
,1998.0,7.0,4.0,8919.0,,200.0
,1959.0,4.0,1.0,7848.0,,180.0
,1945.0,1.0,4.0,1563.0,,180.0
,1993.0,7.0,4.0,5199.27,,180.0
,1947.0,6.0,4.0,7863.0,,180.0
,1949.0,5.0,2.0,6636.0,,220.0
,1921.0,5.0,5.0,8769.0,,200.0
,1939.0,2.0,1.0,9678.0,,150.0
,2020.0,1.0,1.0,4327.0,,180.0
,1992.0,5.0,1.0,6313.0,,150.0
,2019.0,3.0,4.0,9515.0,,170.0
,1976.0,3.0,1.0,8270.0,,180.0
,1973.0,4.0,2.0,7684.0,,220.0
,1925.0,2.0,5.0,7015.0,,120.0
,1962.0,2.0,4.0,7430.0,,180.0
,1971.0,2.0,1.0,1990.0,,180.0
,2016.0,5.0,2.0,4279.0,,120.0
,1953.0,7.0,2.0,905.0,,120.0
,1923.0,6.0,5.0,1214.0,,130.0
,1964.0,5.0,5.0,3900.0,,180.0
,1906.0,2.0,3.0,791.0,,150.0
,1945.0,6.0,1.0,1241.0,,150.0
,1973.0,3.0,3.0,5199.27,,170.0
,1926.0,2.0,4.0,4037.0,,170.0
,1948.0,5.0,2.0,4065.0,,170.0
,1954.0,1.0,1.0,6038.0,,200.0
,1974.0,4.0,1.0,7244.0,,220.0
,2007.0,5.0,2.0,6901.0,,120.0
,1912.0,6.0,2.0,4024.0,,120.0
,1956.0,3.0,1.0,5205.0,,130.0
,1980.0,3.0,5.0,8154.0,,220.0
,1964.0,5.0,1.0,1904.0,,150.0
,1976.0,5.0,5.0,7982.0,,170.0
,2003.0,4.0,2.0,5199.27,,170.0
,1950.0,6.0,5.0,8667.0,,180.0
,1927.0,5.0,5.0,8399.0,,120.0
,1945.0,4.0,1.0,1467.0,,120.0
,1944.0,4.0,1.0,2389.0,,170.0
,1932.0,2.0,1.0,7718.0,,180.0
,1921.0,6.0,2.0,4665.0,,180.0
,1922.0,5.0,3.0,2375.0,,180.0
,1963.0,3.0,5.0,2648.0,,180.0
,1981.0,2.0,2.0,5468.0,,120.0
,1958.0,4.0,2.0,1193.0,,130.0
,1950.0,5.0,4.0,2406.0,,130.0
,1992.0,7.0,4.0,1053.0,,130.0
,1955.0,5.0,2.0,5088.0,,130.0
,2020.0,1.0,5.0,5199.27,,130.0
,1963.0,4.0,5.0,9459.0,,120.0
,1912.0,2.0,2.0,7294.0,,130.0
,1903.0,2.0,5.0,8888.0,,180.0
,1992.0,5.0,5.0,4352.0,,180.0
,1900.0,6.0,2.0,3586.0,,180.0
,1929.0,7.0,3.0,4930.0,,170.0
,1903.0,1.0,1.0,4378.0,,170.0
,1938.0,6.0,3.0,3516.0,,200.0
,1969.0,2.0,4.0,1731.0,,220.0
,1983.0,2.0,5.0,5887.0,,120.0
,1956.0,5.0,4.0,4301.0,,220.0
,1932.0,2.0,5.0,4679.0,,120.0
,1933.0,7.0,3.0,9933.0,,150.0
,1988.0,6.0,4.0,9500.0,,130.0
,1974.0,6.0,3.0,4324.0,,120.0
,2016.0,6.0,2.0,9016.0,,180.0
,1952.0,2.0,3.0,5199.27,,120.0
,1980.0,3.0,4.0,4254.0,,150.0
,1986.0,2.0,3.0,1891.0,,150.0
,1942.0,1.0,4.0,7518.0,,130.0
,2018.0,5.0,1.0,7681.0,,130.0
,1919.0,5.0,3.0,5094.0,,200.0
,1921.0,7.0,4.0,8622.0,,180.0
,1917.0,3.0,1.0,8798.0,,180.0
,1943.0,4.0,5.0,2703.0,,170.0
,1921.0,4.0,4.0,5243.0,,220.0
,1932.0,1.0,4.0,7893.0,,200.0
,1963.0,7.0,2.0,8765.0,,200.0
,1901.0,3.0,4.0,7779.0,,170.0
,1992.0,4.0,3.0,1064.0,,130.0
,1982.0,3.0,2.0,3048.0,,170.0
,1920.0,5.0,3.0,1668.0,,130.0
,1968.0,4.0,4.0,8944.0,,120.0
,1979.0,3.0,4.0,2771.0,,220.0
,2022.0,7.0,1.0,3250.0,,220.0
,1963.0,6.0,4.0,672.0,,200.0
,1951.0,1.0,2.0,2975.0,,200.0
,1925.0,4.0,1.0,3058.0,,200.0
,1942.0,4.0,4.0,4537.0,,200.0
,1910.0,2.0,3.0,2070.0,,150.0
,1931.0,3.0,4.0,1260.0,,200.0
,1977.0,1.0,2.0,5164.0,,130.0
,1953.0,3.0,3.0,2457.0,,130.0
,1911.0,1.0,5.0,3304.0,,120.0
,1915.0,6.0,5.0,5145.0,,150.0
,1980.0,3.0,3.0,4039.0,,130.0
,1996.0,7.0,4.0,2109.0,,200.0
,1955.0,1.0,5.0,6013.0,,150.0
,1908.0,5.0,5.0,5199.27,,180.0
,1983.0,6.0,5.0,6462.0,,120.0
,2013.0,6.0,1.0,1073.0,,130.0
,2008.0,5.0,5.0,5243.0,,150.0
,1945.0,3.0,3.0,5843.0,,180.0
,1925.0,7.0,1.0,2229.0,,180.0
,1957.0,3.0,4.0,6532.0,,150.0
,1915.0,2.0,2.0,4145.0,,170.0
,2017.0,2.0,1.0,2203.0,,170.0
,1979.0,6.0,4.0,6490.0,,130.0
,1943.0,3.0,4.0,4537.0,,150.0
,1952.0,5.0,1.0,3438.0,,170.0
,1948.0,3.0,1.0,8303.0,,200.0
,2006.0,5.0,1.0,9548.0,,180.0
,1976.0,2.0,4.0,9595.0,,200.0
,1913.0,5.0,4.0,5643.0,,130.0
,2000.0,4.0,2.0,923.0,,130.0
,2022.0,3.0,4.0,4293.0,,180.0
,1911.0,6.0,2.0,7180.0,,130.0
,1940.0,7.0,4.0,633.0,,120.0
,2018.0,3.0,2.0,8912.0,,120.0
,1969.0,6.0,4.0,2247.0,,130.0
,1939.0,4.0,5.0,9165.0,,130.0
,1916.0,3.0,4.0,9630.0,,130.0
,1953.0,3.0,1.0,4008.0,,220.0
,2020.0,1.0,1.0,3312.0,,180.0
,1916.0,1.0,3.0,1310.0,,120.0
,2014.0,6.0,5.0,7952.0,,180.0
,1922.0,3.0,5.0,7107.0,,220.0
,1926.0,3.0,2.0,1443.0,,200.0
,1970.0,7.0,1.0,5199.27,,120.0
,1911.0,4.0,3.0,2855.0,,200.0
,1938.0,2.0,4.0,4730.0,,200.0
,2000.0,4.0,5.0,4941.0,,170.0
,2011.0,7.0,1.0,2324.0,,170.0
,1986.0,1.0,4.0,5227.0,,180.0
,1924.0,7.0,1.0,5928.0,,150.0
,1906.0,7.0,3.0,7162.0,,150.0
,1976.0,4.0,4.0,8381.0,,180.0
,1971.0,6.0,5.0,5009.0,,150.0
,1967.0,6.0,3.0,1605.0,,180.0
,1970.0,3.0,3.0,5199.27,,180.0
,2019.0,1.0,2.0,6647.0,,120.0
,1925.0,7.0,3.0,5199.27,,200.0
,1956.0,1.0,2.0,4788.0,,200.0
,1948.0,3.0,3.0,3353.0,,120.0
,1959.0,5.0,1.0,8132.0,,130.0
,1950.0,5.0,3.0,2546.0,,130.0
,1909.0,1.0,1.0,3160.0,,130.0
,1925.0,4.0,1.0,2598.0,,200.0
,2011.0,6.0,3.0,4508.0,,170.0
,1998.0,4.0,5.0,3193.0,,220.0
,1975.0,1.0,2.0,5392.0,,120.0
,1928.0,7.0,1.0,2752.0,,130.0
,1919.0,5.0,4.0,3724.0,,150.0
,1947.0,2.0,1.0,8923.0,,170.0
,1905.0,6.0,5.0,5199.27,,130.0
,2014.0,3.0,4.0,6809.0,,180.0
,1967.0,7.0,5.0,8723.0,,130.0
,1946.0,4.0,4.0,2237.0,,180.0
,1946.0,5.0,5.0,8885.0,,120.0
,1945.0,7.0,5.0,4128.0,,170.0
,1999.0,6.0,5.0,3463.0,,170.0
,1933.0,6.0,4.0,6668.0,,120.0
,1939.0,5.0,4.0,9329.0,,130.0
,1960.0,1.0,1.0,3799.0,,180.0
,1941.0,1.0,5.0,5015.0,,180.0
,2006.0,6.0,5.0,7659.0,,120.0
,1929.0,6.0,2.0,6188.0,,150.0
,2017.0,1.0,5.0,5534.0,,120.0
,1944.0,7.0,1.0,8276.0,,170.0
,1920.0,2.0,5.0,6946.0,,200.0
,1984.0,2.0,3.0,6404.0,,170.0
,1930.0,2.0,2.0,9506.0,,150.0
,1941.0,5.0,1.0,9825.0,,170.0
,2006.0,6.0,4.0,1235.0,,130.0
,1936.0,7.0,4.0,1530.0,,220.0
,2020.0,2.0,3.0,5199.27,,150.0
,2020.0,4.0,5.0,9222.0,,130.0
,1989.0,7.0,1.0,1719.0,,200.0
,1964.0,7.0,5.0,8671.0,,180.0
,2015.0,1.0,2.0,5199.27,,200.0
,1907.0,6.0,2.0,5444.0,,220.0
,1933.0,7.0,2.0,5703.0,,170.0
,1912.0,5.0,2.0,3490.0,,150.0
,1987.0,5.0,1.0,3377.0,,150.0
,1946.0,2.0,1.0,5609.0,,200.0
,1945.0,3.0,4.0,5728.0,,120.0
,2021.0,3.0,5.0,8119.0,,180.0
,1996.0,3.0,5.0,1055.0,,120.0
,1941.0,7.0,4.0,9139.0,,170.0
,1905.0,3.0,4.0,6261.0,,220.0
,1968.0,5.0,5.0,7995.0,,200.0
,2014.0,2.0,4.0,2932.0,,200.0
,1964.0,7.0,5.0,6041.0,,120.0
,1927.0,6.0,4.0,884.0,,120.0
,1923.0,1.0,2.0,3046.0,,220.0
,2020.0,2.0,4.0,9789.0,,180.0
,1984.0,2.0,3.0,7304.0,,220.0
,1957.0,3.0,5.0,5083.0,,170.0
,1933.0,1.0,1.0,9513.0,,170.0
,2003.0,1.0,4.0,1414.0,,120.0
,1935.0,4.0,5.0,3659.0,,220.0
,1970.0,7.0,3.0,5157.0,,120.0
,1927.0,3.0,3.0,7351.0,,180.0
,1958.0,2.0,5.0,873.0,,200.0
,1915.0,2.0,3.0,3709.0,,180.0
,2007.0,4.0,1.0,2233.0,,120.0
,1954.0,5.0,2.0,9423.0,,120.0
,1900.0,5.0,4.0,9197.0,,220.0
,1936.0,6.0,1.0,5696.0,,170.0
,1969.0,6.0,5.0,4049.0,,130.0
,1963.0,3.0,2.0,2522.0,,120.0
,1952.0,5.0,2.0,3686.0,,170.0
,1960.0,7.0,2.0,4495.0,,220.0
,1948.0,2.0,5.0,667.0,,120.0
,1983.0,7.0,4.0,5442.0,,220.0
,1936.0,6.0,4.0,3914.0,,220.0
,1968.0,2.0,3.0,633.0,,150.0
,1989.0,4.0,3.0,5319.0,,170.0
,1927.0,1.0,4.0,3419.0,,220.0
,2004.0,4.0,1.0,2118.0,,150.0
,1904.0,3.0,3.0,7907.0,,170.0
,2021.0,5.0,3.0,4721.0,,180.0
,2003.0,4.0,4.0,5199.27,,220.0
,1912.0,6.0,5.0,6095.0,,170.0
,1988.0,6.0,5.0,3612.0,,180.0
,1990.0,3.0,1.0,924.0,,200.0
,1937.0,2.0,4.0,1933.0,,200.0
,1987.0,6.0,2.0,5300.0,,180.0
,1963.0,4.0,2.0,8077.0,,180.0
,1927.0,1.0,5.0,9912.0,,170.0
,1922.0,6.0,3.0,5199.27,,220.0
,1923.0,5.0,3.0,7838.0,,200.0
,1933.0,4.0,1.0,9532.0,,200.0
,1912.0,3.0,4.0,3741.0,,150.0
,1996.0,1.0,2.0,4908.0,,170.0
,1949.0,2.0,3.0,2447.0,,200.0
,1974.0,3.0,4.0,7495.0,,180.0
,1987.0,4.0,4.0,9456.0,,120.0
,1942.0,6.0,4.0,5199.27,,200.0
,1969.0,5.0,5.0,8721.0,,150.0
,1920.0,5.0,2.0,1130.0,,220.0
,2008.0,5.0,5.0,9577.0,,150.0
,1900.0,2.0,3.0,1854.0,,180.0
,1932.0,4.0,2.0,8814.0,,150.0
,1955.0,1.0,1.0,7515.0,,120.0
,1968.0,1.0,4.0,7575.0,,180.0
,1955.0,1.0,3.0,9875.0,,220.0
,2016.0,7.0,3.0,5555.0,,170.0
,1931.0,4.0,1.0,5740.0,,180.0
,1979.0,6.0,1.0,9001.0,,180.0
,1958.0,4.0,3.0,2244.0,,120.0
,1956.0,7.0,3.0,2062.0,,120.0
,2002.0,2.0,3.0,4984.0,,220.0
,1923.0,2.0,3.0,7397.0,,220.0
,1982.0,6.0,3.0,8121.0,,120.0
,1907.0,5.0,3.0,2171.0,,120.0
,1983.0,1.0,1.0,4625.0,,180.0
,1956.0,5.0,1.0,3350.0,,180.0
,1917.0,3.0,1.0,2474.0,,130.0
,1952.0,7.0,2.0,9392.0,,180.0
,1926.0,4.0,3.0,8224.0,,180.0
,1941.0,1.0,4.0,1280.0,,150.0
,2006.0,5.0,5.0,1645.0,,120.0
,1976.0,1.0,1.0,5321.0,,200.0
,2018.0,5.0,4.0,5807.0,,200.0
,1943.0,1.0,1.0,8003.0,,120.0
,1948.0,5.0,2.0,3142.0,,170.0
,1970.0,4.0,3.0,8675.0,,170.0
,1980.0,1.0,2.0,8328.0,,220.0
,1928.0,2.0,4.0,5537.0,,120.0
,1980.0,3.0,3.0,7001.0,,150.0
,1962.0,5.0,5.0,3257.0,,130.0
,1948.0,1.0,1.0,7886.0,,150.0
,1935.0,1.0,4.0,7520.0,,150.0
,2017.0,5.0,2.0,8878.0,,180.0
,1950.0,6.0,3.0,9194.0,,220.0
,1920.0,5.0,2.0,6754.0,,200.0
,2020.0,4.0,3.0,9808.0,,200.0
,1999.0,4.0,1.0,9200.0,,180.0
,1993.0,5.0,3.0,3046.0,,170.0
,1944.0,2.0,2.0,7886.0,,200.0
,1985.0,1.0,2.0,3829.0,,200.0
,1907.0,6.0,3.0,2588.0,,200.0
,1967.0,6.0,5.0,3645.0,,180.0
,2005.0,1.0,1.0,728.0,,130.0
,1953.0,7.0,2.0,6716.0,,180.0
,1940.0,5.0,1.0,8412.0,,130.0
,1965.0,7.0,2.0,5199.27,,180.0
,1910.0,4.0,1.0,5352.0,,180.0
,2007.0,5.0,3.0,9118.0,,150.0
,1983.0,7.0,3.0,9496.0,,200.0
,1925.0,4.0,3.0,5846.0,,220.0
,1933.0,4.0,1.0,1135.0,,130.0
,1985.0,1.0,5.0,9975.0,,200.0
,1993.0,7.0,5.0,8209.0,,150.0
,2022.0,4.0,1.0,3889.0,,180.0
,1918.0,5.0,2.0,6042.0,,180.0
,1969.0,7.0,3.0,8561.0,,180.0
,1965.0,6.0,2.0,8209.0,,120.0
,1989.0,2.0,5.0,9342.0,,120.0
,1912.0,5.0,1.0,6017.0,,150.0
,2015.0,6.0,1.0,8132.0,,180.0
,1994.0,6.0,1.0,5199.27,,150.0
,1962.0,5.0,4.0,8652.0,,150.0
,1949.0,2.0,2.0,8288.0,,130.0
,1976.0,6.0,4.0,5773.0,,180.0
,2012.0,4.0,2.0,7995.0,,130.0
,2009.0,3.0,3.0,2213.0,,220.0
,1909.0,6.0,1.0,8224.0,,170.0
,1926.0,3.0,1.0,2951.0,,120.0
,1992.0,2.0,4.0,1342.0,,150.0
,1922.0,2.0,2.0,4055.0,,220.0
,1962.0,2.0,1.0,4912.0,,170.0
,1988.0,4.0,3.0,4578.0,,120.0
,1991.0,7.0,4.0,5232.0,,170.0
,1973.0,3.0,3.0,8148.0,,180.0
,1962.0,5.0,3.0,5647.0,,220.0
,1936.0,6.0,5.0,5508.0,,220.0
,1983.0,7.0,3.0,5199.27,,180.0
,1916.0,1.0,4.0,6459.0,,220.0
,1908.0,2.0,4.0,7102.0,,120.0
,2010.0,1.0,5.0,9013.0,,180.0
,1902.0,1.0,3.0,2033.0,,120.0
,1999.0,3.0,3.0,8298.0,,130.0
,1976.0,1.0,2.0,664.0,,150.0
,1921.0,3.0,1.0,3628.0,,170.0
,1983.0,7.0,4.0,931.0,,150.0
,2008.0,6.0,1.0,5291.0,,120.0
,1931.0,2.0,4.0,7403.0,,150.0
,1972.0,3.0,4.0,3733.0,,150.0
,1979.0,4.0,3.0,8701.0,,120.0
,1932.0,6.0,2.0,2174.0,,150.0
,1969.0,2.0,1.0,7251.0,,120.0
,1953.0,4.0,4.0,5199.27,,170.0
,1971.0,2.0,5.0,9983.0,,170.0
,1988.0,2.0,5.0,9416.0,,200.0
,1964.0,2.0,4.0,1821.0,,180.0
,1959.0,7.0,5.0,5058.0,,130.0
,1929.0,3.0,1.0,9080.0,,130.0
,1936.0,4.0,3.0,1730.0,,200.0
,2024.0,2.0,4.0,8289.0,,180.0
,1936.0,5.0,3.0,1433.0,,130.0
,1910.0,3.0,1.0,2792.0,,220.0
,1968.0,6.0,5.0,5199.27,,150.0
,1922.0,6.0,1.0,4576.0,,170.0
,1995.0,7.0,2.0,4098.0,,180.0
,1968.0,1.0,4.0,6240.0,,180.0
,1965.0,4.0,1.0,4822.0,,180.0
,1985.0,4.0,5.0,3821.0,,180.0
,1959.0,6.0,5.0,8258.0,,150.0
,2006.0,5.0,3.0,5268.0,,170.0
,1979.0,5.0,2.0,1466.0,,180.0
,1956.0,2.0,5.0,2588.0,,150.0
,1920.0,5.0,4.0,3972.0,,150.0
,1916.0,1.0,2.0,4763.0,,180.0
,1994.0,7.0,1.0,5075.0,,130.0
,1926.0,5.0,2.0,9318.0,,180.0
,1900.0,5.0,1.0,1009.0,,220.0
,1971.0,5.0,4.0,2036.0,,170.0
,2017.0,1.0,4.0,3858.0,,120.0
,1934.0,5.0,3.0,5199.27,,220.0
,2013.0,1.0,2.0,2042.0,,220.0
,1935.0,7.0,5.0,2992.0,,180.0
,2022.0,7.0,5.0,5668.0,,170.0
,1933.0,3.0,5.0,1523.0,,130.0
,1903.0,7.0,1.0,643.0,,200.0
,1913.0,5.0,2.0,7885.0,,180.0
,2021.0,1.0,5.0,8164.0,,130.0
,1992.0,5.0,5.0,4995.0,,170.0
,1984.0,5.0,4.0,7704.0,,120.0
,1943.0,5.0,3.0,783.0,,150.0
,1975.0,2.0,1.0,2969.0,,180.0
,2000.0,6.0,3.0,6226.0,,170.0
,1964.0,6.0,5.0,9830.0,,120.0
,1953.0,1.0,3.0,5739.0,,130.0
,1960.0,2.0,3.0,5924.0,,130.0
,1948.0,5.0,1.0,5938.0,,130.0
,1942.0,1.0,4.0,2009.0,,120.0
,1987.0,3.0,3.0,7508.0,,180.0
,2012.0,3.0,5.0,4196.0,,180.0
,1958.0,4.0,5.0,6479.0,,150.0
,1962.0,7.0,5.0,5199.27,,180.0
,1955.0,3.0,2.0,5199.27,,220.0
,1986.0,1.0,2.0,9245.0,,120.0
,1984.0,3.0,1.0,2851.0,,220.0
,1999.0,1.0,1.0,4563.0,,130.0
,2019.0,1.0,4.0,9304.0,,180.0
,1936.0,1.0,3.0,4360.0,,170.0
,1923.0,3.0,5.0,863.0,,150.0
,1944.0,4.0,4.0,6225.0,,220.0
,2009.0,7.0,3.0,4571.0,,150.0
,1948.0,7.0,3.0,1494.0,,150.0
,1931.0,3.0,3.0,8409.0,,150.0
,1931.0,4.0,4.0,3709.0,,200.0
,2013.0,5.0,1.0,5199.27,,120.0
,1909.0,2.0,4.0,7542.0,,130.0
,1960.0,2.0,1.0,9097.0,,180.0
,1961.0,6.0,3.0,3446.0,,200.0
,1906.0,6.0,3.0,5199.27,,120.0
,1996.0,1.0,1.0,2763.0,,220.0
,1947.0,4.0,4.0,844.0,,180.0
,1943.0,5.0,3.0,4381.0,,150.0
,1917.0,7.0,5.0,2651.0,,170.0
,1988.0,3.0,3.0,5596.0,,180.0
,1947.0,1.0,1.0,6214.0,,170.0
,1939.0,2.0,5.0,596.0,,150.0
,1958.0,5.0,4.0,1361.0,,220.0
,1901.0,2.0,4.0,731.0,,220.0
,1954.0,2.0,1.0,5144.0,,180.0
,1908.0,7.0,3.0,3368.0,,130.0
,1909.0,7.0,2.0,4887.0,,180.0
,1936.0,4.0,1.0,6178.0,,130.0
,1996.0,5.0,2.0,9118.0,,220.0
,2006.0,6.0,1.0,8314.0,,180.0
,1944.0,6.0,2.0,3571.0,,180.0
,1908.0,2.0,4.0,8149.0,,200.0
,1953.0,5.0,2.0,5486.0,,170.0
,1918.0,6.0,5.0,7802.0,,200.0
,1930.0,3.0,4.0,3017.0,,200.0
,1902.0,4.0,2.0,1767.0,,130.0
,1960.0,2.0,2.0,2960.0,,130.0
,2020.0,1.0,5.0,3123.0,,120.0
,1971.0,2.0,5.0,5156.0,,130.0
,1925.0,2.0,3.0,2575.0,,170.0
,2000.0,1.0,3.0,6123.0,,180.0
,1911.0,6.0,5.0,2845.0,,180.0
,2010.0,1.0,1.0,8103.0,,180.0
,1987.0,2.0,4.0,582.0,,120.0
,1947.0,5.0,2.0,4583.0,,130.0
,1979.0,7.0,5.0,6312.0,,120.0
,1946.0,5.0,1.0,9312.0,,120.0
,2006.0,5.0,1.0,7848.0,,120.0
,2013.0,6.0,3.0,4756.0,,130.0
,1937.0,6.0,3.0,2535.0,,220.0
,1983.0,5.0,5.0,815.0,,200.0
,2022.0,5.0,2.0,7906.0,,220.0
,1958.0,6.0,3.0,1613.0,,130.0
,1909.0,7.0,5.0,2165.0,,170.0
,1935.0,5.0,5.0,820.0,,120.0
,1979.0,7.0,2.0,9908.0,,130.0
,2019.0,6.0,4.0,2092.0,,120.0
,1967.0,2.0,2.0,9654.0,,200.0
,1921.0,4.0,5.0,5584.0,,150.0
,1935.0,5.0,3.0,5334.0,,150.0
,1979.0,7.0,5.0,8783.0,,120.0
,1982.0,3.0,1.0,6072.0,,200.0
,1918.0,4.0,5.0,3694.0,,180.0
,1933.0,1.0,5.0,2872.0,,170.0
,1980.0,3.0,5.0,5357.0,,130.0
,1910.0,4.0,1.0,5470.0,,200.0
,2013.0,4.0,1.0,4206.0,,120.0
,1910.0,2.0,4.0,7710.0,,130.0
,1901.0,2.0,5.0,8775.0,,180.0
,1915.0,6.0,1.0,7265.0,,180.0
,1914.0,4.0,1.0,2074.0,,150.0
,1969.0,1.0,1.0,7396.0,,150.0
,1941.0,2.0,1.0,3929.0,,170.0
,2021.0,4.0,1.0,4851.0,,130.0
,1930.0,1.0,3.0,4648.0,,200.0
,1925.0,2.0,3.0,3042.0,,170.0
,1938.0,6.0,4.0,4366.0,,180.0
,1959.0,1.0,3.0,7891.0,,170.0
,1984.0,5.0,3.0,3586.0,,130.0
,1919.0,2.0,5.0,2609.0,,170.0
,1974.0,6.0,4.0,1930.0,,220.0
,1937.0,7.0,2.0,9154.0,,120.0
,1977.0,7.0,4.0,9269.0,,180.0
,2013.0,3.0,4.0,5405.0,,150.0
,1923.0,5.0,3.0,4712.0,,120.0
,2019.0,1.0,5.0,2468.0,,200.0
,1947.0,2.0,2.0,5856.0,,200.0
,1936.0,3.0,4.0,5787.0,,200.0
,1934.0,1.0,4.0,3835.0,,220.0
,2002.0,4.0,3.0,526.0,,220.0
,1912.0,4.0,4.0,3615.0,,120.0
,1943.0,5.0,1.0,4582.0,,180.0
,1947.0,1.0,1.0,1775.0,,200.0
,1973.0,5.0,4.0,2819.0,,150.0
,1929.0,2.0,2.0,2334.0,,200.0
,1959.0,4.0,1.0,2321.0,,150.0
,1969.0,2.0,2.0,9369.0,,170.0
,1985.0,5.0,2.0,8951.0,,120.0
,1915.0,2.0,3.0,3658.0,,130.0
,2010.0,4.0,3.0,5199.27,,130.0
,1956.0,7.0,3.0,4065.0,,180.0
,1957.0,5.0,2.0,7185.0,,170.0
,1939.0,6.0,3.0,687.0,,180.0
,1993.0,5.0,2.0,5199.27,,180.0
,1997.0,6.0,3.0,8051.0,,170.0
,1972.0,2.0,3.0,3278.0,,180.0
,1965.0,3.0,5.0,9061.0,,170.0
,1926.0,4.0,4.0,6104.0,,220.0
,2010.0,7.0,1.0,5091.0,,170.0
,1985.0,7.0,4.0,4862.0,,130.0
,1904.0,4.0,1.0,7126.0,,170.0
,1977.0,7.0,1.0,1939.0,,200.0
,1928.0,6.0,1.0,9147.0,,130.0
,2019.0,6.0,2.0,6703.0,,130.0
,2017.0,5.0,2.0,8839.0,,220.0
,1938.0,3.0,4.0,7214.0,,200.0
,1900.0,5.0,5.0,5468.0,,200.0
,1919.0,2.0,1.0,8981.0,,150.0
,2016.0,5.0,5.0,7680.0,,220.0
,1969.0,2.0,4.0,8887.0,,180.0
,1935.0,6.0,3.0,1114.0,,120.0
,1923.0,3.0,3.0,812.0,,180.0
,2006.0,3.0,5.0,5199.27,,180.0
,1971.0,3.0,2.0,4934.0,,180.0
,1910.0,6.0,1.0,8391.0,,130.0
,1917.0,7.0,1.0,3161.0,,180.0
,2003.0,7.0,3.0,6697.0,,130.0
,1946.0,5.0,1.0,5392.0,,220.0
,1955.0,5.0,5.0,2012.0,,130.0
,1938.0,7.0,3.0,2275.0,,200.0
,2020.0,5.0,1.0,2562.0,,120.0
,2018.0,7.0,4.0,7480.0,,180.0
,1947.0,1.0,3.0,8382.0,,170.0
,2006.0,4.0,4.0,4463.0,,180.0
,1976.0,6.0,2.0,2334.0,,180.0
,1939.0,2.0,4.0,9525.0,,180.0
,1992.0,1.0,4.0,2481.0,,150.0
,2013.0,1.0,3.0,6318.0,,130.0
,2010.0,5.0,2.0,1158.0,,170.0
,1901.0,2.0,4.0,1558.0,,150.0
,1977.0,4.0,1.0,6858.0,,130.0
,1939.0,4.0,4.0,8325.0,,130.0
,1946.0,5.0,5.0,7369.0,,120.0
,1942.0,5.0,4.0,4503.0,,130.0
,1914.0,4.0,4.0,2503.0,,180.0
,1914.0,6.0,1.0,7800.0,,180.0
,1968.0,6.0,4.0,6437.0,,130.0
,1970.0,7.0,3.0,2513.0,,200.0
,1920.0,3.0,2.0,774.0,,130.0
,1967.0,2.0,1.0,2909.0,,200.0
,1977.0,1.0,5.0,8826.0,,220.0
,1978.0,5.0,5.0,1731.0,,180.0
,1974.0,2.0,2.0,9508.0,,200.0
,2011.0,2.0,3.0,5499.0,,130.0
,2023.0,5.0,1.0,7348.0,,150.0
,1935.0,1.0,1.0,7776.0,,150.0
,2021.0,3.0,1.0,5199.27,,180.0
,1939.0,7.0,1.0,3970.0,,200.0
,2005.0,5.0,3.0,1099.0,,150.0
,1998.0,5.0,2.0,9742.0,,180.0
,1980.0,4.0,2.0,2257.0,,180.0
,1933.0,5.0,5.0,8922.0,,180.0
,1926.0,4.0,4.0,5199.27,,120.0
,2021.0,5.0,1.0,3119.0,,220.0
,1927.0,4.0,2.0,3569.0,,180.0
,1923.0,5.0,4.0,5905.0,,170.0
,1919.0,5.0,4.0,4478.0,,200.0
,1921.0,6.0,4.0,3201.0,,170.0
,1935.0,2.0,4.0,815.0,,120.0
,1998.0,6.0,1.0,4417.0,,180.0
,1993.0,1.0,5.0,3496.0,,120.0
,1984.0,6.0,1.0,4341.0,,150.0
,2000.0,6.0,5.0,9982.0,,120.0
,1986.0,6.0,4.0,4803.0,,130.0
,2024.0,2.0,2.0,5821.0,,220.0
,1997.0,2.0,3.0,4954.0,,220.0
,1913.0,6.0,2.0,4217.0,,130.0
,2019.0,5.0,2.0,964.0,,150.0
,1991.0,3.0,1.0,7141.0,,220.0
,2024.0,7.0,4.0,9644.0,,180.0
,1962.0,4.0,2.0,8511.0,,220.0
,1933.0,7.0,2.0,2676.0,,180.0
,1945.0,1.0,1.0,8962.0,,150.0
,1958.0,2.0,2.0,3033.0,,180.0
,1950.0,2.0,3.0,1577.0,,200.0
,1959.0,5.0,4.0,4761.0,,150.0
,1963.0,7.0,3.0,752.0,,180.0
,1985.0,2.0,4.0,7149.0,,220.0
,1961.0,3.0,4.0,6051.0,,150.0
,1939.0,2.0,4.0,7975.0,,170.0
,2007.0,7.0,1.0,8667.0,,180.0
,1966.0,1.0,3.0,3876.0,,150.0
,2000.0,3.0,4.0,7199.0,,170.0
,2000.0,3.0,3.0,941.0,,200.0
,1906.0,6.0,3.0,626.0,,180.0
,1943.0,3.0,2.0,1545.0,,120.0
,2019.0,3.0,4.0,9299.0,,180.0
,1936.0,1.0,3.0,3309.0,,200.0
,1936.0,3.0,5.0,7110.0,,120.0
,1914.0,1.0,2.0,7751.0,,180.0
,1944.0,3.0,2.0,8792.0,,120.0
,2011.0,5.0,2.0,1629.0,,170.0
,1970.0,6.0,5.0,886.0,,180.0
,1902.0,3.0,1.0,8500.0,,220.0
,1953.0,4.0,1.0,1382.0,,150.0
,2003.0,7.0,1.0,2333.0,,180.0
,2007.0,1.0,3.0,6878.0,,180.0
,2003.0,2.0,3.0,9254.0,,150.0
,1923.0,2.0,1.0,8640.0,,180.0
,1921.0,1.0,1.0,9063.0,,170.0
,1972.0,7.0,4.0,3191.0,,180.0
,1900.0,6.0,2.0,3497.0,,180.0
,1950.0,4.0,2.0,5199.27,,170.0
,1936.0,4.0,5.0,2957.0,,120.0
,1972.0,2.0,4.0,1058.0,,180.0
,1957.0,6.0,4.0,4310.0,,170.0
,1911.0,3.0,1.0,1386.0,,180.0
,1938.0,4.0,5.0,3864.0,,180.0
,1976.0,4.0,5.0,8338.0,,180.0
,2011.0,1.0,4.0,1710.0,,170.0
,1942.0,7.0,2.0,6090.0,,180.0
,1983.0,4.0,4.0,1102.0,,200.0
,2005.0,5.0,4.0,9030.0,,200.0
,1951.0,7.0,5.0,5084.0,,170.0
,1922.0,2.0,4.0,3031.0,,200.0
,1970.0,4.0,3.0,912.0,,220.0
,1952.0,7.0,1.0,9647.0,,220.0
,1909.0,7.0,3.0,6482.0,,180.0
,1937.0,4.0,1.0,6451.0,,200.0
,1992.0,5.0,2.0,2840.0,,130.0
,1937.0,7.0,5.0,2048.0,,130.0
,1935.0,3.0,4.0,5199.27,,180.0
,1999.0,7.0,3.0,5320.0,,150.0
,1922.0,5.0,3.0,3776.0,,180.0
,1954.0,1.0,5.0,854.0,,180.0
,1954.0,1.0,3.0,8968.0,,200.0
,2008.0,4.0,3.0,7506.0,,130.0
,1983.0,1.0,1.0,1613.0,,180.0
,1993.0,3.0,3.0,7236.0,,220.0
,1960.0,7.0,5.0,4076.0,,120.0
,1958.0,6.0,4.0,2688.0,,220.0
,1987.0,7.0,4.0,3493.0,,150.0
,2015.0,7.0,5.0,8803.0,,180.0
,2001.0,3.0,3.0,5269.0,,180.0
,1968.0,7.0,4.0,1228.0,,220.0
,1987.0,1.0,2.0,1018.0,,180.0
,1972.0,2.0,4.0,5925.0,,150.0
,1955.0,2.0,2.0,5576.0,,130.0
,2019.0,2.0,5.0,5421.0,,180.0
,1970.0,6.0,5.0,7950.0,,180.0
,1911.0,5.0,1.0,7427.0,,120.0
,1929.0,3.0,3.0,846.0,,120.0
,1981.0,1.0,4.0,2359.0,,200.0
,1921.0,5.0,2.0,8240.0,,220.0
,1945.0,5.0,1.0,1914.0,,180.0
,2003.0,2.0,3.0,4315.0,,180.0
,1963.0,1.0,1.0,8346.0,,180.0
,1979.0,2.0,3.0,6192.0,,170.0
,2019.0,1.0,4.0,5199.27,,180.0
,1938.0,2.0,3.0,778.0,,150.0
,2012.0,3.0,3.0,2256.0,,150.0
,1972.0,2.0,1.0,711.0,,220.0
,2023.0,1.0,1.0,4465.0,,150.0
,1979.0,4.0,5.0,9877.0,,170.0
,1931.0,3.0,1.0,5189.0,,180.0
,1919.0,5.0,4.0,7363.0,,170.0
,2012.0,2.0,4.0,7165.0,,220.0
,1914.0,5.0,5.0,4489.0,,120.0
,2011.0,6.0,1.0,5755.0,,200.0
,1928.0,1.0,5.0,3026.0,,200.0
,1915.0,5.0,4.0,6460.0,,180.0
,2004.0,5.0,5.0,2613.0,,150.0
,1920.0,5.0,1.0,4711.0,,120.0
,1994.0,3.0,4.0,1654.0,,180.0
,2013.0,2.0,1.0,4317.0,,120.0
,2003.0,3.0,5.0,8892.0,,220.0
,1936.0,1.0,5.0,9389.0,,180.0
,1915.0,7.0,2.0,4826.0,,150.0
,1924.0,4.0,5.0,6340.0,,180.0
,1931.0,3.0,4.0,3116.0,,120.0
,1931.0,6.0,3.0,3815.0,,170.0
,2014.0,4.0,4.0,5166.0,,200.0
,1963.0,3.0,5.0,1864.0,,120.0
,2001.0,7.0,3.0,3247.0,,150.0
,1952.0,5.0,1.0,5359.0,,130.0
,2000.0,3.0,3.0,8202.0,,170.0
,1912.0,5.0,4.0,3692.0,,180.0
,1980.0,6.0,3.0,1234.0,,130.0
,1959.0,6.0,5.0,6947.0,,220.0
,1976.0,4.0,4.0,4890.0,,180.0
,1941.0,3.0,5.0,8472.0,,180.0
,1974.0,4.0,1.0,1948.0,,180.0
,2021.0,3.0,3.0,5410.0,,150.0
,1922.0,4.0,1.0,7991.0,,220.0
,1972.0,6.0,3.0,9634.0,,220.0
,1985.0,3.0,3.0,1981.0,,180.0
,2016.0,5.0,4.0,9621.0,,130.0
,2002.0,1.0,1.0,3997.0,,120.0
,2008.0,7.0,2.0,1640.0,,120.0
,1900.0,6.0,3.0,9387.0,,180.0
,1905.0,6.0,5.0,5199.27,,180.0
,1941.0,2.0,5.0,5632.0,,220.0
,1931.0,3.0,5.0,8239.0,,180.0
,1922.0,6.0,3.0,708.0,,150.0
,1976.0,4.0,4.0,583.0,,120.0
,1926.0,1.0,1.0,5794.0,,220.0
,1933.0,5.0,2.0,3043.0,,170.0
,1901.0,1.0,4.0,6746.0,,200.0
,1909.0,1.0,1.0,8557.0,,220.0
,1929.0,2.0,3.0,8713.0,,170.0
,1991.0,7.0,2.0,8274.0,,150.0
,1908.0,7.0,3.0,4305.0,,130.0
,1927.0,4.0,3.0,1524.0,,200.0
,1970.0,3.0,2.0,6795.0,,200.0
,1999.0,2.0,4.0,2334.0,,180.0
,2016.0,2.0,5.0,2516.0,,180.0
,1948.0,5.0,2.0,7487.0,,180.0
,1978.0,5.0,1.0,8443.0,,180.0
,1977.0,1.0,4.0,1431.0,,180.0
,1911.0,7.0,5.0,8706.0,,220.0
,1930.0,4.0,4.0,2440.0,,170.0
,2005.0,7.0,5.0,2586.0,,180.0
,1913.0,2.0,5.0,2095.0,,180.0
,1998.0,7.0,4.0,9408.0,,200.0
,1995.0,4.0,1.0,2127.0,,180.0
,2017.0,1.0,4.0,6801.0,,170.0
,1938.0,7.0,2.0,5397.0,,220.0
,1903.0,2.0,4.0,5199.27,,120.0
,1997.0,5.0,4.0,1471.0,,180.0
,1975.0,1.0,2.0,7747.0,,180.0
,1941.0,2.0,1.0,2250.0,,130.0
,1913.0,6.0,5.0,3278.0,,200.0
,1920.0,7.0,3.0,3435.0,,200.0
,1903.0,7.0,3.0,7569.0,,150.0
,1916.0,2.0,5.0,2849.0,,150.0
,1944.0,4.0,3.0,5532.0,,170.0
,1953.0,3.0,1.0,6292.0,,120.0
,1917.0,6.0,2.0,4818.0,,200.0
,1944.0,5.0,2.0,3989.0,,130.0
,2009.0,7.0,5.0,8940.0,,180.0
,2003.0,5.0,5.0,4339.0,,180.0
,1925.0,6.0,2.0,1313.0,,200.0
,1980.0,6.0,5.0,3131.0,,170.0
,2018.0,3.0,1.0,869.0,,170.0
,1955.0,5.0,5.0,3508.0,,150.0
,1972.0,7.0,3.0,6917.0,,180.0
,2018.0,7.0,5.0,2032.0,,170.0
,2003.0,3.0,1.0,828.0,,180.0
,1944.0,3.0,2.0,8504.0,,180.0
,1986.0,5.0,4.0,8308.0,,200.0
,1926.0,7.0,2.0,7684.0,,180.0
,1914.0,7.0,1.0,8546.0,,180.0
,1930.0,6.0,4.0,8419.0,,200.0
,1914.0,3.0,2.0,3247.0,,170.0
,1994.0,1.0,3.0,4530.0,,200.0
,1984.0,6.0,1.0,9260.0,,130.0
,2021.0,6.0,1.0,5856.0,,130.0
,1979.0,4.0,3.0,7798.0,,170.0
,1922.0,6.0,1.0,6941.0,,220.0
,1984.0,1.0,2.0,6678.0,,220.0
,2011.0,4.0,2.0,1070.0,,130.0
,1949.0,7.0,5.0,5865.0,,150.0
,2021.0,4.0,2.0,7608.0,,180.0
,1990.0,3.0,3.0,3766.0,,220.0
,1962.0,7.0,2.0,8036.0,,170.0
,2020.0,4.0,4.0,6047.0,,150.0
,1914.0,7.0,1.0,6498.0,,220.0
,1923.0,2.0,2.0,8310.0,,130.0
,1949.0,7.0,4.0,1984.0,,180.0
,1960.0,1.0,2.0,2294.0,,180.0
,1927.0,4.0,1.0,3551.0,,180.0
,1988.0,1.0,1.0,4506.0,,200.0
,1900.0,2.0,5.0,5199.27,,220.0
,1984.0,4.0,5.0,4520.0,,200.0
,1961.0,3.0,3.0,6654.0,,180.0
,1919.0,3.0,5.0,7391.0,,220.0
,1995.0,7.0,5.0,7676.0,,130.0
,1942.0,6.0,1.0,1093.0,,150.0
,1919.0,3.0,5.0,5199.27,,120.0
,1945.0,4.0,5.0,6015.0,,200.0
,1926.0,3.0,2.0,5199.27,,220.0
,2012.0,2.0,2.0,4554.0,,180.0
,1954.0,7.0,2.0,8076.0,,200.0
,1942.0,4.0,3.0,5199.27,,120.0
,1953.0,7.0,1.0,5701.0,,220.0
,1918.0,3.0,1.0,7967.0,,120.0
,1938.0,1.0,2.0,2326.0,,150.0
,1985.0,7.0,3.0,1240.0,,220.0
,1927.0,6.0,4.0,1658.0,,120.0
,2009.0,2.0,5.0,9612.0,,150.0
,1994.0,5.0,1.0,5503.0,,200.0
,1985.0,2.0,3.0,2927.0,,150.0
,1959.0,3.0,2.0,5415.0,,180.0
,1951.0,3.0,2.0,2962.0,,200.0
,1937.0,6.0,5.0,6126.0,,170.0
,1920.0,5.0,1.0,5199.27,,170.0
,1968.0,3.0,2.0,5749.0,,130.0
,1974.0,6.0,3.0,7945.0,,130.0
,1953.0,7.0,1.0,8282.0,,150.0
,1973.0,1.0,1.0,7482.0,,180.0
,2011.0,5.0,4.0,4675.0,,150.0
,1906.0,5.0,2.0,5199.27,,150.0
,1961.0,3.0,3.0,3071.0,,130.0
,1967.0,4.0,5.0,6336.0,,150.0
,1929.0,1.0,1.0,2057.0,,120.0
,1918.0,7.0,2.0,6404.0,,120.0
,1961.0,2.0,3.0,612.0,,200.0
,1959.0,5.0,4.0,1868.0,,150.0
,1994.0,4.0,2.0,5199.27,,200.0
,1912.0,5.0,4.0,5810.0,,200.0
,1971.0,6.0,5.0,2780.0,,130.0
,1987.0,3.0,4.0,7027.0,,180.0
,1915.0,5.0,4.0,4009.0,,200.0
,1964.0,4.0,5.0,883.0,,120.0
,1955.0,7.0,5.0,4828.0,,180.0
,1903.0,7.0,3.0,5036.0,,200.0
,1907.0,4.0,1.0,5199.27,,200.0
,2024.0,1.0,3.0,9552.0,,170.0
,1959.0,7.0,5.0,8359.0,,150.0
,1950.0,2.0,4.0,8495.0,,130.0
,1978.0,7.0,3.0,1819.0,,180.0
,1928.0,5.0,4.0,1316.0,,120.0
,1905.0,3.0,3.0,3421.0,,180.0
,1975.0,7.0,1.0,667.0,,170.0
,1915.0,1.0,2.0,8563.0,,180.0
,2003.0,3.0,2.0,7940.0,,170.0
,1972.0,7.0,2.0,9272.0,,180.0
,2022.0,7.0,4.0,6600.0,,200.0
,1980.0,7.0,1.0,7536.0,,200.0
,1915.0,1.0,1.0,4344.0,,220.0
,1992.0,6.0,4.0,8081.0,,180.0
,1931.0,5.0,2.0,5199.27,,180.0
,2016.0,6.0,5.0,1234.0,,120.0
,1998.0,5.0,2.0,2762.0,,200.0
,1989.0,6.0,5.0,6770.0,,170.0
,2006.0,4.0,4.0,7184.0,,150.0
,1995.0,3.0,1.0,8988.0,,180.0
,1916.0,3.0,5.0,7380.0,,130.0
,1969.0,2.0,1.0,8193.0,,130.0
,1982.0,3.0,3.0,7460.0,,180.0
,1944.0,1.0,5.0,6736.0,,180.0
,1900.0,5.0,1.0,4291.0,,120.0
,1914.0,2.0,4.0,1379.0,,180.0
,1930.0,4.0,3.0,3677.0,,180.0
,1959.0,6.0,5.0,6081.0,,170.0
,1954.0,1.0,5.0,962.0,,180.0
,1983.0,4.0,5.0,2047.0,,200.0
,1912.0,7.0,5.0,5199.27,,200.0
,1928.0,6.0,5.0,1247.0,,220.0
,1948.0,1.0,4.0,584.0,,170.0
,1999.0,6.0,4.0,5808.0,,150.0
,1909.0,5.0,1.0,591.0,,170.0
,1987.0,6.0,2.0,5499.0,,150.0
,2010.0,7.0,3.0,1794.0,,150.0
,1907.0,1.0,2.0,1026.0,,150.0
,1924.0,4.0,2.0,2472.0,,180.0
,1924.0,7.0,1.0,8672.0,,200.0
,2006.0,1.0,1.0,6542.0,,180.0
,1909.0,1.0,1.0,3438.0,,130.0
,1959.0,7.0,2.0,3084.0,,150.0
,1947.0,2.0,3.0,2747.0,,120.0
,1913.0,6.0,1.0,5289.0,,170.0
,1942.0,1.0,3.0,5721.0,,130.0
,1920.0,4.0,1.0,4467.0,,170.0
,2010.0,3.0,1.0,5928.0,,180.0
,1917.0,2.0,4.0,6170.0,,180.0
,2011.0,1.0,3.0,4512.0,,180.0
,1981.0,4.0,2.0,6644.0,,130.0
,1915.0,7.0,5.0,9820.0,,150.0
,1947.0,2.0,1.0,9097.0,,120.0
,2000.0,6.0,5.0,7494.0,,180.0
,1932.0,1.0,1.0,7325.0,,180.0
,1926.0,6.0,1.0,9661.0,,170.0
,1913.0,2.0,2.0,6677.0,,150.0
,1941.0,6.0,1.0,9173.0,,200.0
,2012.0,3.0,2.0,2183.0,,180.0
,1955.0,4.0,2.0,8235.0,,220.0
,1948.0,3.0,3.0,7046.0,,220.0
,2007.0,2.0,1.0,6390.0,,200.0
,1953.0,6.0,2.0,9378.0,,180.0
,1911.0,1.0,3.0,8466.0,,220.0
,1933.0,3.0,5.0,8243.0,,120.0
,1997.0,3.0,2.0,4398.0,,180.0
,2013.0,7.0,4.0,8444.0,,130.0
,2024.0,4.0,2.0,5199.27,,120.0
,1981.0,5.0,5.0,9263.0,,200.0
,2013.0,4.0,3.0,4822.0,,220.0
,1985.0,7.0,4.0,5199.27,,130.0
,1924.0,6.0,1.0,5635.0,,150.0
,1956.0,6.0,5.0,5469.0,,150.0
,1946.0,2.0,4.0,1204.0,,130.0
,1907.0,3.0,1.0,4227.0,,170.0
,2013.0,7.0,4.0,3617.0,,180.0
,1993.0,4.0,1.0,1023.0,,130.0
,1936.0,6.0,5.0,8837.0,,170.0
,1921.0,2.0,1.0,5809.0,,220.0
,1970.0,5.0,4.0,5325.0,,170.0
,1907.0,4.0,2.0,6812.0,,180.0
,1933.0,2.0,2.0,4083.0,,170.0
,1920.0,5.0,1.0,6048.0,,180.0
,1901.0,4.0,1.0,4334.0,,200.0
,1986.0,4.0,3.0,5376.0,,180.0
,1919.0,2.0,5.0,9485.0,,180.0
,1953.0,7.0,2.0,5334.0,,130.0
,1962.0,6.0,1.0,2621.0,,130.0
,1915.0,6.0,4.0,678.0,,220.0
,1930.0,3.0,5.0,1814.0,,120.0
,1974.0,7.0,5.0,9378.0,,150.0
,2003.0,7.0,1.0,3020.0,,200.0
,1903.0,5.0,4.0,9016.0,,130.0
,1967.0,1.0,1.0,9237.0,,200.0
,2023.0,7.0,3.0,9707.0,,180.0
,1941.0,2.0,3.0,7671.0,,180.0
,1961.0,3.0,3.0,1004.0,,130.0
,1911.0,7.0,2.0,6121.0,,120.0
,1900.0,2.0,2.0,4275.0,,180.0
,1904.0,1.0,4.0,5859.0,,120.0
,2001.0,4.0,2.0,6423.0,,130.0
,1960.0,2.0,5.0,6278.0,,200.0
,2003.0,4.0,2.0,4133.0,,200.0
,2002.0,5.0,4.0,7938.0,,180.0
,1919.0,2.0,3.0,5020.0,,220.0
,1968.0,3.0,4.0,5199.27,,120.0
,1939.0,5.0,4.0,2401.0,,120.0
,1934.0,4.0,1.0,2572.0,,120.0
,1999.0,7.0,1.0,5292.0,,170.0
,1919.0,5.0,4.0,2618.0,,130.0
,1972.0,2.0,4.0,4512.0,,120.0
,1930.0,6.0,5.0,3128.0,,180.0
,2008.0,2.0,3.0,2006.0,,180.0
,1909.0,7.0,2.0,8604.0,,150.0
,1954.0,1.0,2.0,5301.0,,130.0
,1964.0,7.0,3.0,5120.0,,150.0
,1969.0,3.0,3.0,9084.0,,180.0
,1936.0,6.0,5.0,7504.0,,200.0
,1940.0,1.0,5.0,8631.0,,200.0
,2011.0,5.0,5.0,3008.0,,130.0
,1989.0,6.0,4.0,9290.0,,150.0
,1906.0,7.0,5.0,8511.0,,220.0
,1987.0,6.0,5.0,1220.0,,180.0
,1958.0,4.0,1.0,3451.0,,170.0
,2009.0,3.0,4.0,2465.0,,120.0
,1987.0,6.0,4.0,3397.0,,180.0
,1935.0,5.0,3.0,7365.0,,130.0
,1949.0,1.0,5.0,7807.0,,150.0
,1941.0,5.0,3.0,872.0,,170.0
,1989.0,5.0,2.0,2392.0,,130.0
,1978.0,7.0,4.0,7389.0,,120.0
,1980.0,3.0,2.0,3092.0,,150.0
,1961.0,6.0,3.0,7048.0,,150.0
,1988.0,3.0,4.0,7411.0,,170.0
,1918.0,7.0,5.0,7033.0,,120.0
,1992.0,4.0,4.0,8893.0,,200.0
,1997.0,1.0,3.0,3832.0,,120.0
,1950.0,5.0,2.0,8421.0,,180.0
,1963.0,5.0,2.0,4336.0,,200.0
,1984.0,6.0,2.0,5199.27,,120.0
,1940.0,7.0,1.0,1472.0,,150.0
,2007.0,7.0,3.0,6176.0,,200.0
,1919.0,5.0,1.0,5199.27,,120.0
,1914.0,6.0,3.0,792.0,,200.0
,1956.0,2.0,1.0,3892.0,,120.0
,1907.0,2.0,1.0,7675.0,,180.0
,2010.0,3.0,3.0,7929.0,,120.0
,1992.0,6.0,2.0,2395.0,,170.0
,1945.0,5.0,2.0,3947.0,,180.0
,2023.0,5.0,3.0,5199.27,,130.0
,2015.0,6.0,2.0,7033.0,,150.0
,1945.0,3.0,3.0,4308.0,,130.0
,1960.0,4.0,3.0,1181.0,,150.0
,1970.0,5.0,1.0,5199.27,,180.0
,1987.0,1.0,5.0,5889.0,,130.0
,2010.0,7.0,4.0,9647.0,,220.0
,1964.0,1.0,1.0,7759.0,,180.0
,1936.0,6.0,2.0,7387.0,,150.0
,1971.0,2.0,2.0,5369.0,,130.0
,1984.0,6.0,5.0,5954.0,,180.0
,1960.0,6.0,1.0,8098.0,,120.0
,1914.0,3.0,5.0,6924.0,,150.0
,1978.0,3.0,5.0,9707.0,,150.0
,1938.0,7.0,5.0,6001.0,,120.0
,1953.0,6.0,1.0,5231.0,,170.0
,1970.0,6.0,2.0,9173.0,,180.0
,2016.0,5.0,3.0,2823.0,,130.0
,2015.0,2.0,4.0,5401.0,,170.0
,1916.0,6.0,3.0,6292.0,,120.0
,1959.0,4.0,1.0,537.0,,170.0
,1900.0,2.0,1.0,2891.0,,220.0
,1998.0,4.0,5.0,3753.0,,130.0
,1965.0,5.0,5.0,9462.0,,200.0
,1922.0,7.0,3.0,5199.27,,180.0
,1975.0,1.0,5.0,2771.0,,180.0
,2011.0,5.0,2.0,3648.0,,200.0
,1924.0,2.0,4.0,5453.0,,200.0
,2012.0,5.0,2.0,4745.0,,180.0
,1964.0,1.0,1.0,6819.0,,180.0
,1949.0,3.0,4.0,6031.0,,170.0
,1984.0,7.0,3.0,6305.0,,220.0
,1938.0,2.0,2.0,5165.0,,130.0
,1973.0,5.0,3.0,8113.0,,130.0
,1953.0,5.0,3.0,7355.0,,180.0
,1947.0,3.0,1.0,5199.27,,150.0
,1959.0,3.0,2.0,9433.0,,180.0
,1935.0,6.0,1.0,7116.0,,180.0
,1909.0,1.0,1.0,5217.0,,170.0
,1935.0,3.0,1.0,5850.0,,120.0
,1947.0,7.0,1.0,4481.0,,120.0
,1951.0,7.0,2.0,802.0,,180.0
,2023.0,7.0,2.0,2983.0,,170.0
,1975.0,6.0,5.0,5339.0,,130.0
,1933.0,2.0,3.0,8372.0,,150.0
,2021.0,3.0,2.0,2673.0,,200.0
,1970.0,2.0,5.0,2498.0,,180.0
,1944.0,7.0,5.0,8569.0,,220.0
,1914.0,3.0,4.0,2501.0,,170.0
,1960.0,3.0,2.0,3545.0,,180.0
,2011.0,7.0,1.0,4384.0,,220.0
,1994.0,3.0,2.0,864.0,,180.0
,1921.0,7.0,2.0,6520.0,,150.0
,2009.0,1.0,3.0,4177.0,,130.0
,2008.0,1.0,4.0,5074.0,,220.0
,1949.0,1.0,5.0,9240.0,,120.0
,1933.0,3.0,4.0,3731.0,,150.0
,2007.0,7.0,5.0,2024.0,,200.0
,1991.0,1.0,2.0,2813.0,,180.0
,1974.0,6.0,5.0,572.0,,120.0
,1946.0,6.0,5.0,8268.0,,200.0
,1947.0,6.0,3.0,5199.27,,200.0
,2009.0,1.0,2.0,4082.0,,220.0
,1948.0,7.0,4.0,5199.27,,130.0
,1908.0,5.0,1.0,8948.0,,120.0
,1959.0,1.0,3.0,4876.0,,200.0
,1985.0,7.0,1.0,3677.0,,120.0
,2008.0,5.0,1.0,3376.0,,200.0
,1928.0,2.0,2.0,6040.0,,120.0
,1924.0,7.0,2.0,895.0,,170.0
,1919.0,1.0,3.0,7270.0,,180.0
,2012.0,4.0,2.0,585.0,,170.0
,1969.0,4.0,1.0,4910.0,,200.0
,2014.0,4.0,1.0,3914.0,,180.0
,1924.0,5.0,3.0,3654.0,,170.0
,1948.0,3.0,4.0,6021.0,,170.0
,1911.0,2.0,2.0,6622.0,,150.0
,2009.0,3.0,4.0,8401.0,,200.0
,1905.0,6.0,5.0,8758.0,,150.0
,1901.0,5.0,1.0,9921.0,,170.0
,1929.0,7.0,3.0,3289.0,,180.0
,2011.0,3.0,3.0,5770.0,,220.0
,1974.0,1.0,1.0,8986.0,,180.0
,1953.0,1.0,4.0,9552.0,,180.0
,2016.0,2.0,3.0,8005.0,,150.0
,1954.0,5.0,5.0,3483.0,,180.0
,1930.0,1.0,4.0,3252.0,,180.0
,2014.0,4.0,1.0,3341.0,,120.0
,1940.0,6.0,5.0,2436.0,,130.0
,2011.0,7.0,5.0,5664.0,,120.0
,1900.0,6.0,2.0,1921.0,,200.0
,2010.0,7.0,2.0,6823.0,,180.0
,1908.0,2.0,3.0,1105.0,,200.0
,1909.0,4.0,3.0,6157.0,,180.0
,1968.0,1.0,1.0,8999.0,,170.0
,1924.0,7.0,3.0,9843.0,,150.0
,1918.0,2.0,1.0,4862.0,,130.0
,1989.0,7.0,1.0,899.0,,130.0
,1953.0,4.0,3.0,7160.0,,200.0
,2015.0,5.0,3.0,2441.0,,220.0
,1990.0,4.0,3.0,5552.0,,200.0
,1942.0,7.0,4.0,6489.0,,120.0
,1926.0,4.0,1.0,8375.0,,130.0
,1930.0,4.0,1.0,3475.0,,120.0
,1915.0,4.0,1.0,5199.27,,120.0
,2015.0,7.0,4.0,6713.0,,130.0
,1923.0,6.0,3.0,8222.0,,170.0
,1931.0,4.0,5.0,2361.0,,150.0
,1955.0,1.0,4.0,1131.0,,180.0
,1964.0,5.0,3.0,8685.0,,180.0
,1980.0,3.0,5.0,9316.0,,170.0
,2005.0,6.0,4.0,8222.0,,220.0
,1983.0,1.0,5.0,2094.0,,120.0
,1912.0,6.0,1.0,3485.0,,170.0
,1940.0,6.0,3.0,5156.0,,220.0
,1906.0,6.0,1.0,3188.0,,180.0
,2016.0,4.0,1.0,9308.0,,170.0
,1914.0,1.0,2.0,1900.0,,150.0
,1945.0,5.0,3.0,843.0,,120.0
,1991.0,6.0,2.0,6368.0,,180.0
,2019.0,6.0,4.0,2019.0,,130.0
,1942.0,2.0,1.0,8626.0,,200.0
,1941.0,4.0,5.0,2048.0,,120.0
,1947.0,2.0,2.0,2776.0,,120.0
,1984.0,6.0,2.0,4537.0,,150.0
,2005.0,2.0,4.0,5198.0,,150.0
,1946.0,7.0,3.0,3811.0,,180.0
,2001.0,5.0,1.0,9103.0,,180.0
,1934.0,2.0,3.0,9223.0,,200.0
,1972.0,6.0,3.0,2857.0,,180.0
,1963.0,5.0,5.0,1633.0,,220.0
,2019.0,2.0,4.0,9396.0,,200.0
,1944.0,2.0,3.0,7725.0,,120.0
,1998.0,2.0,5.0,5199.27,,200.0
,1918.0,5.0,5.0,9703.0,,130.0
,2003.0,1.0,3.0,6961.0,,130.0
,1965.0,5.0,2.0,3973.0,,180.0
,2018.0,7.0,5.0,7709.0,,180.0
,1925.0,4.0,5.0,9604.0,,180.0
,1902.0,2.0,4.0,9713.0,,180.0
,2018.0,5.0,5.0,2796.0,,200.0
,1901.0,5.0,4.0,1550.0,,220.0
,1959.0,1.0,1.0,2242.0,,130.0
,1957.0,6.0,3.0,4049.0,,150.0
,1912.0,7.0,4.0,1724.0,,200.0
,1927.0,5.0,2.0,7822.0,,120.0
,1981.0,6.0,3.0,4183.0,,220.0
,2010.0,6.0,3.0,6136.0,,220.0
,1906.0,7.0,5.0,1894.0,,120.0
,1952.0,2.0,4.0,5239.0,,150.0
,1907.0,7.0,2.0,5530.0,,130.0
,1997.0,3.0,3.0,5791.0,,200.0
,1949.0,5.0,3.0,7318.0,,170.0
,1914.0,5.0,5.0,3225.0,,130.0
,1945.0,3.0,4.0,5295.0,,130.0
,1993.0,7.0,4.0,5199.27,,120.0
,2011.0,5.0,5.0,3812.0,,220.0
,1972.0,7.0,3.0,3814.0,,180.0
,1977.0,2.0,4.0,2579.0,,200.0
,1927.0,7.0,2.0,5672.0,,180.0
,1973.0,6.0,5.0,6155.0,,180.0
,1939.0,7.0,4.0,5872.0,,150.0
,1941.0,7.0,4.0,1782.0,,150.0
,1987.0,1.0,1.0,3957.0,,220.0
,1993.0,3.0,2.0,3548.0,,120.0
,1938.0,4.0,4.0,2325.0,,120.0
,1961.0,3.0,1.0,4388.0,,200.0
,1949.0,4.0,5.0,7529.0,,130.0
,1950.0,2.0,3.0,4783.0,,200.0
,1939.0,5.0,4.0,4670.0,,200.0
,1979.0,5.0,3.0,5368.0,,220.0
,1915.0,2.0,1.0,4984.0,,150.0
,1923.0,4.0,5.0,6996.0,,170.0
,1947.0,3.0,2.0,4947.0,,220.0
,1942.0,3.0,1.0,8036.0,,130.0
